,date,value,name_B07P2X9VD3
0,2019-02-27,49600.0,Decorative Bookends
1,2019-02-28,30209.0,Decorative Bookends
2,2019-03-01,33984.0,Decorative Bookends
3,2019-03-02,26717.0,Decorative Bookends
4,2019-03-03,33044.0,Decorative Bookends
5,2019-03-04,24289.0,Decorative Bookends
6,2019-03-05,37456.0,Decorative Bookends
7,2019-03-06,26880.0,Decorative Bookends
8,2019-03-07,21758.0,Decorative Bookends
9,2019-03-08,25375.0,Decorative Bookends
10,2019-03-09,19203.0,Decorative Bookends
11,2019-03-10,18508.0,Decorative Bookends
12,2019-03-11,22076.0,Decorative Bookends
13,2019-03-12,26951.0,Decorative Bookends
14,2019-03-13,29795.0,Decorative Bookends
15,2019-03-14,26134.0,Decorative Bookends
16,2019-03-15,21940.0,Decorative Bookends
17,2019-03-16,20319.0,Decorative Bookends
18,2019-03-17,28349.0,Decorative Bookends
19,2019-03-18,28455.0,Decorative Bookends
20,2019-03-19,42476.0,Decorative Bookends
21,2019-03-20,42476.0,Decorative Bookends
22,2019-03-21,29745.0,Decorative Bookends
23,2019-03-22,34733.0,Decorative Bookends
24,2019-03-23,34733.0,Decorative Bookends
25,2019-03-24,24522.0,Decorative Bookends
26,2019-03-25,31907.0,Decorative Bookends
27,2019-03-26,27628.0,Decorative Bookends
28,2019-03-27,28298.0,Decorative Bookends
29,2019-03-28,26082.0,Decorative Bookends
30,2019-03-29,33250.0,Decorative Bookends
31,2019-03-30,33250.0,Decorative Bookends
32,2019-03-31,33250.0,Decorative Bookends
33,2019-04-01,28802.0,Decorative Bookends
34,2019-04-02,28802.0,Decorative Bookends
35,2019-04-03,28802.0,Decorative Bookends
36,2019-04-04,28802.0,Decorative Bookends
37,2019-04-05,28802.0,Decorative Bookends
38,2019-04-06,28802.0,Decorative Bookends
39,2019-04-07,28802.0,Decorative Bookends
40,2019-04-08,18177.0,Decorative Bookends
41,2019-04-09,18177.0,Decorative Bookends
42,2019-04-10,30089.0,Decorative Bookends
43,2019-04-11,30089.0,Decorative Bookends
44,2019-04-12,30089.0,Decorative Bookends
45,2019-04-13,30089.0,Decorative Bookends
46,2019-04-14,30089.0,Decorative Bookends
47,2019-04-15,30089.0,Decorative Bookends
48,2019-04-16,27862.0,Decorative Bookends
49,2019-04-17,20462.0,Decorative Bookends
50,2019-04-18,29485.0,Decorative Bookends
51,2019-04-19,29485.0,Decorative Bookends
52,2019-04-20,29485.0,Decorative Bookends
53,2019-04-21,28971.0,Decorative Bookends
54,2019-04-22,28971.0,Decorative Bookends
55,2019-04-23,44473.0,Decorative Bookends
56,2019-04-24,44473.0,Decorative Bookends
57,2019-04-25,44473.0,Decorative Bookends
58,2019-04-26,44473.0,Decorative Bookends
59,2019-04-27,44473.0,Decorative Bookends
60,2019-04-28,44473.0,Decorative Bookends
61,2019-04-29,31115.0,Decorative Bookends
62,2019-04-30,33266.0,Decorative Bookends
63,2019-05-01,33266.0,Decorative Bookends
64,2019-05-02,33266.0,Decorative Bookends
65,2019-05-03,33266.0,Decorative Bookends
66,2019-05-04,33266.0,Decorative Bookends
67,2019-05-05,22303.0,Decorative Bookends
68,2019-05-06,22303.0,Decorative Bookends
69,2019-05-07,41999.0,Decorative Bookends
70,2019-05-08,30956.0,Decorative Bookends
71,2019-05-09,16826.0,Decorative Bookends
72,2019-05-10,23348.0,Decorative Bookends
73,2019-05-11,23391.0,Decorative Bookends
74,2019-05-12,23658.0,Decorative Bookends
75,2019-05-13,35857.0,Decorative Bookends
76,2019-05-14,36957.0,Decorative Bookends
77,2019-05-15,36957.0,Decorative Bookends
78,2019-05-16,31465.0,Decorative Bookends
79,2019-05-17,27050.0,Decorative Bookends
80,2019-05-18,36021.0,Decorative Bookends
81,2019-05-19,29088.0,Decorative Bookends
82,2019-05-20,36257.0,Decorative Bookends
83,2019-05-21,35800.0,Decorative Bookends
84,2019-05-22,38336.0,Decorative Bookends
85,2019-05-23,29780.0,Decorative Bookends
86,2019-05-24,33214.0,Decorative Bookends
87,2019-05-25,41128.0,Decorative Bookends
88,2019-05-26,58668.0,Decorative Bookends
89,2019-05-27,60711.0,Decorative Bookends
90,2019-05-28,38206.0,Decorative Bookends
91,2019-05-29,38206.0,Decorative Bookends
92,2019-05-30,40436.0,Decorative Bookends
93,2019-05-31,45156.0,Decorative Bookends
94,2019-06-01,47164.0,Decorative Bookends
95,2019-06-02,23869.0,Decorative Bookends
96,2019-06-03,30620.0,Decorative Bookends
97,2019-06-04,30793.0,Decorative Bookends
98,2019-06-05,29350.0,Decorative Bookends
99,2019-06-06,35105.0,Decorative Bookends
100,2019-06-07,35005.0,Decorative Bookends
101,2019-06-08,30991.0,Decorative Bookends
102,2019-06-09,39602.0,Decorative Bookends
103,2019-06-10,30086.0,Decorative Bookends
104,2019-06-11,38235.0,Decorative Bookends
105,2019-06-12,48569.0,Decorative Bookends
106,2019-06-13,44901.0,Decorative Bookends
107,2019-06-14,35695.0,Decorative Bookends
108,2019-06-15,36068.0,Decorative Bookends
109,2019-06-16,40751.0,Decorative Bookends
110,2019-06-17,31316.0,Decorative Bookends
111,2019-06-18,31316.0,Decorative Bookends
112,2019-06-19,47583.0,Decorative Bookends
113,2019-06-20,37617.0,Decorative Bookends
114,2019-06-21,40747.0,Decorative Bookends
115,2019-06-22,34577.0,Decorative Bookends
116,2019-06-23,46210.0,Decorative Bookends
117,2019-06-24,31662.0,Decorative Bookends
118,2019-06-25,32605.0,Decorative Bookends
119,2019-06-26,48747.0,Decorative Bookends
120,2019-06-27,46778.0,Decorative Bookends
121,2019-06-28,36146.0,Decorative Bookends
122,2019-06-29,43330.0,Decorative Bookends
123,2019-06-30,49517.0,Decorative Bookends
124,2019-07-01,52426.0,Decorative Bookends
125,2019-07-02,41038.0,Decorative Bookends
126,2019-07-03,32105.0,Decorative Bookends
127,2019-07-04,30679.0,Decorative Bookends
128,2019-07-05,44023.0,Decorative Bookends
129,2019-07-06,41312.0,Decorative Bookends
130,2019-07-07,36383.0,Decorative Bookends
131,2019-07-08,42030.0,Decorative Bookends
132,2019-07-09,34795.0,Decorative Bookends
133,2019-07-10,45369.0,Decorative Bookends
134,2019-07-11,46092.0,Decorative Bookends
135,2019-07-12,44104.0,Decorative Bookends
136,2019-07-13,50173.0,Decorative Bookends
137,2019-07-14,50173.0,Decorative Bookends
138,2019-07-15,54523.0,Decorative Bookends
139,2019-07-16,54523.0,Decorative Bookends
140,2019-07-17,53398.0,Decorative Bookends
141,2019-07-18,40475.0,Decorative Bookends
142,2019-07-19,45247.0,Decorative Bookends
143,2019-07-20,33199.0,Decorative Bookends
144,2019-07-21,44332.0,Decorative Bookends
145,2019-07-22,48798.0,Decorative Bookends
146,2019-07-23,27720.0,Decorative Bookends
147,2019-07-24,43648.0,Decorative Bookends
148,2019-07-25,58914.0,Decorative Bookends
149,2019-07-26,53263.0,Decorative Bookends
150,2019-07-27,61451.0,Decorative Bookends
151,2019-07-28,44493.0,Decorative Bookends
152,2019-07-29,36456.0,Decorative Bookends
153,2019-07-30,46004.0,Decorative Bookends
154,2019-07-31,34386.0,Decorative Bookends
155,2019-08-01,42426.0,Decorative Bookends
156,2019-08-02,43055.0,Decorative Bookends
157,2019-08-03,34394.0,Decorative Bookends
158,2019-08-04,36332.0,Decorative Bookends
159,2019-08-05,29932.0,Decorative Bookends
160,2019-08-06,32510.0,Decorative Bookends
161,2019-08-07,29080.0,Decorative Bookends
162,2019-08-08,32390.0,Decorative Bookends
163,2019-08-09,51434.0,Decorative Bookends
164,2019-08-10,49188.0,Decorative Bookends
165,2019-08-11,49188.0,Decorative Bookends
166,2019-08-12,49188.0,Decorative Bookends
167,2019-08-13,28822.0,Decorative Bookends
168,2019-08-14,31490.0,Decorative Bookends
169,2019-08-15,23917.0,Decorative Bookends
170,2019-08-16,37361.0,Decorative Bookends
171,2019-08-17,45319.0,Decorative Bookends
172,2019-08-18,49744.0,Decorative Bookends
173,2019-08-19,34400.0,Decorative Bookends
174,2019-08-20,41423.0,Decorative Bookends
175,2019-08-21,50046.0,Decorative Bookends
176,2019-08-22,50046.0,Decorative Bookends
177,2019-08-23,50046.0,Decorative Bookends
178,2019-08-24,52465.0,Decorative Bookends
179,2019-08-25,46994.0,Decorative Bookends
180,2019-08-26,35970.0,Decorative Bookends
181,2019-08-27,40044.0,Decorative Bookends
182,2019-08-28,35659.0,Decorative Bookends
183,2019-08-29,35659.0,Decorative Bookends
184,2019-08-30,35659.0,Decorative Bookends
185,2019-08-31,35264.0,Decorative Bookends
186,2019-09-01,33066.0,Decorative Bookends
187,2019-09-02,45945.0,Decorative Bookends
188,2019-09-03,28494.0,Decorative Bookends
189,2019-09-04,28643.0,Decorative Bookends
190,2019-09-05,26356.0,Decorative Bookends
191,2019-09-06,33814.0,Decorative Bookends
192,2019-09-07,38209.0,Decorative Bookends
193,2019-09-08,45545.0,Decorative Bookends
194,2019-09-09,49954.0,Decorative Bookends
195,2019-09-10,38470.0,Decorative Bookends
196,2019-09-11,34847.0,Decorative Bookends
197,2019-09-12,31059.0,Decorative Bookends
198,2019-09-13,25999.0,Decorative Bookends
199,2019-09-14,36090.0,Decorative Bookends
200,2019-09-15,42199.0,Decorative Bookends
201,2019-09-16,28163.0,Decorative Bookends
202,2019-09-17,44838.0,Decorative Bookends
203,2019-09-18,25303.0,Decorative Bookends
204,2019-09-19,38885.0,Decorative Bookends
205,2019-09-20,35253.0,Decorative Bookends
206,2019-09-21,33997.0,Decorative Bookends
207,2019-09-22,32929.0,Decorative Bookends
208,2019-09-23,31645.0,Decorative Bookends
209,2019-09-24,35052.0,Decorative Bookends
210,2019-09-25,36757.0,Decorative Bookends
211,2019-09-26,32843.0,Decorative Bookends
212,2019-09-27,43534.0,Decorative Bookends
213,2019-09-28,40029.0,Decorative Bookends
214,2019-09-29,37842.0,Decorative Bookends
215,2019-09-30,30491.0,Decorative Bookends
216,2019-10-01,32105.0,Decorative Bookends
217,2019-10-02,32105.0,Decorative Bookends
218,2019-10-03,31593.0,Decorative Bookends
219,2019-10-04,33183.0,Decorative Bookends
220,2019-10-05,52088.0,Decorative Bookends
221,2019-10-06,52088.0,Decorative Bookends
222,2019-10-07,49031.0,Decorative Bookends
223,2019-10-08,49031.0,Decorative Bookends
224,2019-10-09,65486.0,Decorative Bookends
225,2019-10-10,46828.0,Decorative Bookends
226,2019-10-11,27985.0,Decorative Bookends
227,2019-10-12,45114.0,Decorative Bookends
228,2019-10-13,40140.0,Decorative Bookends
229,2019-10-14,39012.0,Decorative Bookends
230,2019-10-15,36372.0,Decorative Bookends
231,2019-10-16,42624.0,Decorative Bookends
232,2019-10-17,47849.0,Decorative Bookends
233,2019-10-18,48299.0,Decorative Bookends
234,2019-10-19,27512.0,Decorative Bookends
235,2019-10-20,26011.0,Decorative Bookends
236,2019-10-21,32813.0,Decorative Bookends
237,2019-10-22,35970.0,Decorative Bookends
238,2019-10-23,34072.0,Decorative Bookends
239,2019-10-24,36469.0,Decorative Bookends
240,2019-10-25,53356.0,Decorative Bookends
241,2019-10-26,53356.0,Decorative Bookends
242,2019-10-27,27419.0,Decorative Bookends
243,2019-10-28,36865.0,Decorative Bookends
244,2019-10-29,49541.0,Decorative Bookends
245,2019-10-30,58439.0,Decorative Bookends
246,2019-10-31,40080.0,Decorative Bookends
247,2019-11-01,33220.0,Decorative Bookends
248,2019-11-02,36239.0,Decorative Bookends
249,2019-11-03,30248.0,Decorative Bookends
250,2019-11-04,32173.0,Decorative Bookends
251,2019-11-05,37835.0,Decorative Bookends
252,2019-11-06,42351.0,Decorative Bookends
253,2019-11-07,55479.0,Decorative Bookends
254,2019-11-08,55479.0,Decorative Bookends
255,2019-11-09,55479.0,Decorative Bookends
256,2019-11-10,55479.0,Decorative Bookends
257,2019-11-11,55479.0,Decorative Bookends
258,2019-11-12,41188.0,Decorative Bookends
259,2019-11-13,41188.0,Decorative Bookends
260,2019-11-14,41188.0,Decorative Bookends
261,2019-11-15,41188.0,Decorative Bookends
262,2019-11-16,41188.0,Decorative Bookends
263,2019-11-17,41188.0,Decorative Bookends
264,2019-11-18,39628.0,Decorative Bookends
265,2019-11-19,41609.0,Decorative Bookends
266,2019-11-20,41609.0,Decorative Bookends
267,2019-11-21,35591.0,Decorative Bookends
268,2019-11-22,35591.0,Decorative Bookends
269,2019-11-23,35591.0,Decorative Bookends
270,2019-11-24,35591.0,Decorative Bookends
271,2019-11-25,53003.0,Decorative Bookends
272,2019-11-26,34580.0,Decorative Bookends
273,2019-11-27,37275.0,Decorative Bookends
274,2019-11-28,35477.0,Decorative Bookends
275,2019-11-29,35477.0,Decorative Bookends
276,2019-11-30,35477.0,Decorative Bookends
277,2019-12-01,35477.0,Decorative Bookends
278,2019-12-02,42689.0,Decorative Bookends
279,2019-12-03,42689.0,Decorative Bookends
280,2019-12-04,42689.0,Decorative Bookends
281,2019-12-05,42689.0,Decorative Bookends
282,2019-12-06,25950.0,Decorative Bookends
283,2019-12-07,25950.0,Decorative Bookends
284,2019-12-08,25950.0,Decorative Bookends
285,2019-12-09,25950.0,Decorative Bookends
286,2019-12-10,25950.0,Decorative Bookends
287,2019-12-11,25950.0,Decorative Bookends
288,2019-12-12,20347.0,Decorative Bookends
289,2019-12-13,19548.0,Decorative Bookends
290,2019-12-14,19548.0,Decorative Bookends
291,2019-12-15,19548.0,Decorative Bookends
292,2019-12-16,23425.0,Decorative Bookends
293,2019-12-17,19718.0,Decorative Bookends
294,2019-12-18,19718.0,Decorative Bookends
295,2019-12-19,17477.0,Decorative Bookends
296,2019-12-20,16821.0,Decorative Bookends
297,2019-12-21,16821.0,Decorative Bookends
298,2019-12-22,16821.0,Decorative Bookends
299,2019-12-23,16821.0,Decorative Bookends
300,2019-12-24,16821.0,Decorative Bookends
301,2019-12-25,16821.0,Decorative Bookends
302,2019-12-26,16821.0,Decorative Bookends
303,2019-12-27,24523.0,Decorative Bookends
304,2019-12-28,24523.0,Decorative Bookends
305,2019-12-29,21373.0,Decorative Bookends
306,2019-12-30,25816.0,Decorative Bookends
307,2019-12-31,36307.0,Decorative Bookends
308,2020-01-01,36307.0,Decorative Bookends
309,2020-01-02,36307.0,Decorative Bookends
310,2020-01-03,36307.0,Decorative Bookends
311,2020-01-04,36307.0,Decorative Bookends
312,2020-01-05,37811.0,Decorative Bookends
313,2020-01-06,37811.0,Decorative Bookends
314,2020-01-07,29067.0,Decorative Bookends
315,2020-01-08,29067.0,Decorative Bookends
316,2020-01-09,30717.0,Decorative Bookends
317,2020-01-10,30717.0,Decorative Bookends
318,2020-01-11,30717.0,Decorative Bookends
319,2020-01-12,30717.0,Decorative Bookends
320,2020-01-13,30717.0,Decorative Bookends
321,2020-01-14,25612.0,Decorative Bookends
322,2020-01-15,25612.0,Decorative Bookends
323,2020-01-16,31676.0,Decorative Bookends
324,2020-01-17,23751.0,Decorative Bookends
325,2020-01-18,23751.0,Decorative Bookends
326,2020-01-19,23818.0,Decorative Bookends
327,2020-01-20,23348.0,Decorative Bookends
328,2020-01-21,28518.0,Decorative Bookends
329,2020-01-22,28518.0,Decorative Bookends
330,2020-01-23,28518.0,Decorative Bookends
331,2020-01-24,28518.0,Decorative Bookends
332,2020-01-25,28518.0,Decorative Bookends
333,2020-01-26,28518.0,Decorative Bookends
334,2020-01-27,27274.0,Decorative Bookends
335,2020-01-28,27274.0,Decorative Bookends
336,2020-01-29,32914.0,Decorative Bookends
337,2020-01-30,32914.0,Decorative Bookends
338,2020-01-31,32914.0,Decorative Bookends
339,2020-02-01,32914.0,Decorative Bookends
340,2020-02-02,32914.0,Decorative Bookends
341,2020-02-03,21498.0,Decorative Bookends
342,2020-02-04,21498.0,Decorative Bookends
343,2020-02-05,23699.0,Decorative Bookends
344,2020-02-06,20751.0,Decorative Bookends
345,2020-02-07,31821.0,Decorative Bookends
346,2020-02-08,31821.0,Decorative Bookends
347,2020-02-09,22756.0,Decorative Bookends
348,2020-02-10,26671.0,Decorative Bookends
349,2020-02-11,26671.0,Decorative Bookends
350,2020-02-12,26671.0,Decorative Bookends
351,2020-02-13,27885.0,Decorative Bookends
352,2020-02-14,20032.0,Decorative Bookends
353,2020-02-15,18003.0,Decorative Bookends
354,2020-02-16,18003.0,Decorative Bookends
355,2020-02-17,18003.0,Decorative Bookends
356,2020-02-18,18003.0,Decorative Bookends
357,2020-02-19,18003.0,Decorative Bookends
358,2020-02-20,18003.0,Decorative Bookends
359,2020-02-21,44306.0,Decorative Bookends
360,2020-02-22,44306.0,Decorative Bookends
361,2020-02-23,44306.0,Decorative Bookends
362,2020-02-24,33741.0,Decorative Bookends
363,2020-02-25,33741.0,Decorative Bookends
364,2020-02-26,39834.0,Decorative Bookends
365,2020-02-27,29417.0,Decorative Bookends
366,2020-02-28,29417.0,Decorative Bookends
367,2020-02-29,29417.0,Decorative Bookends
368,2020-03-01,29324.0,Decorative Bookends
369,2020-03-02,29324.0,Decorative Bookends
370,2020-03-03,26884.0,Decorative Bookends
371,2020-03-04,26884.0,Decorative Bookends
372,2020-03-05,31127.0,Decorative Bookends
373,2020-03-06,31127.0,Decorative Bookends
374,2020-03-07,31127.0,Decorative Bookends
375,2020-03-08,31127.0,Decorative Bookends
376,2020-03-09,31127.0,Decorative Bookends
377,2020-03-10,31127.0,Decorative Bookends
378,2020-03-11,35595.0,Decorative Bookends
379,2020-03-12,35595.0,Decorative Bookends
380,2020-03-13,35595.0,Decorative Bookends
381,2020-03-14,35595.0,Decorative Bookends
382,2020-03-15,35595.0,Decorative Bookends
383,2020-03-16,35595.0,Decorative Bookends
384,2020-03-17,35595.0,Decorative Bookends
385,2020-03-18,35595.0,Decorative Bookends
386,2020-03-19,31038.0,Decorative Bookends
387,2020-03-20,31038.0,Decorative Bookends
388,2020-03-21,31038.0,Decorative Bookends
389,2020-03-22,31038.0,Decorative Bookends
390,2020-03-23,25490.0,Decorative Bookends
391,2020-03-24,25490.0,Decorative Bookends
392,2020-03-25,25490.0,Decorative Bookends
393,2020-03-26,25490.0,Decorative Bookends
394,2020-03-27,25490.0,Decorative Bookends
395,2020-03-28,25490.0,Decorative Bookends
396,2020-03-29,18025.0,Decorative Bookends
397,2020-03-30,18025.0,Decorative Bookends
398,2020-03-31,18025.0,Decorative Bookends
399,2020-04-01,38444.0,Decorative Bookends
400,2020-04-02,29449.0,Decorative Bookends
401,2020-04-03,29449.0,Decorative Bookends
402,2020-04-04,29449.0,Decorative Bookends
403,2020-04-05,29449.0,Decorative Bookends
404,2020-04-06,61315.0,Decorative Bookends
405,2020-04-07,64479.0,Decorative Bookends
406,2020-04-08,64479.0,Decorative Bookends
407,2020-04-09,51184.0,Decorative Bookends
408,2020-04-10,51184.0,Decorative Bookends
409,2020-04-11,51184.0,Decorative Bookends
410,2020-04-12,51184.0,Decorative Bookends
411,2020-04-13,51184.0,Decorative Bookends
412,2020-04-14,51184.0,Decorative Bookends
413,2020-04-15,43453.0,Decorative Bookends
414,2020-04-16,43453.0,Decorative Bookends
415,2020-04-17,43453.0,Decorative Bookends
416,2020-04-18,43453.0,Decorative Bookends
417,2020-04-19,43453.0,Decorative Bookends
418,2020-04-20,43453.0,Decorative Bookends
419,2020-04-21,43453.0,Decorative Bookends
420,2020-04-22,55901.0,Decorative Bookends
421,2020-04-23,55901.0,Decorative Bookends
422,2020-04-24,55901.0,Decorative Bookends
423,2020-04-25,55901.0,Decorative Bookends
424,2020-04-26,55901.0,Decorative Bookends
425,2020-04-27,27835.0,Decorative Bookends
426,2020-04-28,27835.0,Decorative Bookends
427,2020-04-29,27835.0,Decorative Bookends
428,2020-04-30,27835.0,Decorative Bookends
429,2020-05-01,27835.0,Decorative Bookends
430,2020-05-02,27835.0,Decorative Bookends
431,2020-05-03,35540.0,Decorative Bookends
432,2020-05-04,35540.0,Decorative Bookends
433,2020-05-05,35540.0,Decorative Bookends
434,2020-05-06,35540.0,Decorative Bookends
435,2020-05-07,35540.0,Decorative Bookends
436,2020-05-08,35540.0,Decorative Bookends
437,2020-05-09,38002.0,Decorative Bookends
438,2020-05-10,38002.0,Decorative Bookends
439,2020-05-11,38002.0,Decorative Bookends
440,2020-05-12,38002.0,Decorative Bookends
441,2020-05-13,38002.0,Decorative Bookends
442,2020-05-14,37457.0,Decorative Bookends
443,2020-05-15,37457.0,Decorative Bookends
444,2020-05-16,37457.0,Decorative Bookends
445,2020-05-17,37457.0,Decorative Bookends
446,2020-05-18,44641.0,Decorative Bookends
447,2020-05-19,44641.0,Decorative Bookends
448,2020-05-20,44641.0,Decorative Bookends
449,2020-05-21,37993.0,Decorative Bookends
450,2020-05-22,37993.0,Decorative Bookends
451,2020-05-23,38126.0,Decorative Bookends
452,2020-05-24,38126.0,Decorative Bookends
453,2020-05-25,38126.0,Decorative Bookends
454,2020-05-26,38126.0,Decorative Bookends
455,2020-05-27,46703.0,Decorative Bookends
456,2020-05-28,46703.0,Decorative Bookends
457,2020-05-29,46703.0,Decorative Bookends
458,2020-05-30,46703.0,Decorative Bookends
459,2020-05-31,46703.0,Decorative Bookends
460,2020-06-01,49424.0,Decorative Bookends
461,2020-06-02,49424.0,Decorative Bookends
462,2020-06-03,42471.0,Decorative Bookends
463,2020-06-04,42471.0,Decorative Bookends
464,2020-06-05,41581.0,Decorative Bookends
465,2020-06-06,41581.0,Decorative Bookends
466,2020-06-07,41581.0,Decorative Bookends
467,2020-06-08,35771.0,Decorative Bookends
468,2020-06-09,35771.0,Decorative Bookends
469,2020-06-10,35771.0,Decorative Bookends
470,2020-06-11,35771.0,Decorative Bookends
471,2020-06-12,60651.0,Decorative Bookends
472,2020-06-13,60651.0,Decorative Bookends
473,2020-06-14,60651.0,Decorative Bookends
474,2020-06-15,60651.0,Decorative Bookends
475,2020-06-16,60651.0,Decorative Bookends
476,2020-06-17,60651.0,Decorative Bookends
477,2020-06-18,60651.0,Decorative Bookends
478,2020-06-19,60651.0,Decorative Bookends
479,2020-06-20,60651.0,Decorative Bookends
480,2020-06-21,54673.0,Decorative Bookends
481,2020-06-22,54673.0,Decorative Bookends
482,2020-06-23,54673.0,Decorative Bookends
483,2020-06-24,55377.0,Decorative Bookends
484,2020-06-25,55377.0,Decorative Bookends
485,2020-06-26,55377.0,Decorative Bookends
486,2020-06-27,52076.0,Decorative Bookends
487,2020-06-28,52076.0,Decorative Bookends
488,2020-06-29,52076.0,Decorative Bookends
489,2020-06-30,55401.0,Decorative Bookends
490,2020-07-01,65322.0,Decorative Bookends
491,2020-07-02,65322.0,Decorative Bookends
492,2020-07-03,65322.0,Decorative Bookends
493,2020-07-04,65322.0,Decorative Bookends
494,2020-07-05,65322.0,Decorative Bookends
495,2020-07-06,62680.0,Decorative Bookends
496,2020-07-07,65326.0,Decorative Bookends
497,2020-07-08,65326.0,Decorative Bookends
498,2020-07-09,65326.0,Decorative Bookends
499,2020-07-10,65326.0,Decorative Bookends
500,2020-07-11,40786.0,Decorative Bookends
501,2020-07-12,45657.0,Decorative Bookends
502,2020-07-13,45657.0,Decorative Bookends
503,2020-07-14,45657.0,Decorative Bookends
504,2020-07-15,45657.0,Decorative Bookends
505,2020-07-16,41427.0,Decorative Bookends
506,2020-07-17,41427.0,Decorative Bookends
507,2020-07-18,41427.0,Decorative Bookends
508,2020-07-19,41427.0,Decorative Bookends
509,2020-07-20,41427.0,Decorative Bookends
510,2020-07-21,32948.0,Decorative Bookends
511,2020-07-22,32948.0,Decorative Bookends
512,2020-07-23,32948.0,Decorative Bookends
513,2020-07-24,32948.0,Decorative Bookends
514,2020-07-25,32948.0,Decorative Bookends
515,2020-07-26,26689.0,Decorative Bookends
516,2020-07-27,26689.0,Decorative Bookends
517,2020-07-28,28645.0,Decorative Bookends
518,2020-07-29,28645.0,Decorative Bookends
519,2020-07-30,28645.0,Decorative Bookends
520,2020-07-31,28645.0,Decorative Bookends
521,2020-08-01,28645.0,Decorative Bookends
522,2020-08-02,28645.0,Decorative Bookends
523,2020-08-03,23978.0,Decorative Bookends
524,2020-08-04,25742.0,Decorative Bookends
525,2020-08-05,22531.0,Decorative Bookends
526,2020-08-06,22531.0,Decorative Bookends
527,2020-08-07,22531.0,Decorative Bookends
528,2020-08-08,22531.0,Decorative Bookends
529,2020-08-09,21380.0,Decorative Bookends
530,2020-08-10,21380.0,Decorative Bookends
531,2020-08-11,21110.0,Decorative Bookends
532,2020-08-12,21110.0,Decorative Bookends
533,2020-08-13,21110.0,Decorative Bookends
534,2020-08-14,21110.0,Decorative Bookends
535,2020-08-15,21110.0,Decorative Bookends
536,2020-08-16,36433.0,Decorative Bookends
537,2020-08-17,36433.0,Decorative Bookends
538,2020-08-18,37838.0,Decorative Bookends
539,2020-08-19,37838.0,Decorative Bookends
540,2020-08-20,37838.0,Decorative Bookends
541,2020-08-21,37838.0,Decorative Bookends
542,2020-08-22,37838.0,Decorative Bookends
543,2020-08-23,37838.0,Decorative Bookends
544,2020-08-24,37838.0,Decorative Bookends
545,2020-08-25,36750.0,Decorative Bookends
546,2020-08-26,36750.0,Decorative Bookends
547,2020-08-27,36750.0,Decorative Bookends
548,2020-08-28,36750.0,Decorative Bookends
549,2020-08-29,27549.0,Decorative Bookends
550,2020-08-30,27549.0,Decorative Bookends
551,2020-08-31,27549.0,Decorative Bookends
552,2020-09-01,27567.0,Decorative Bookends
553,2020-09-02,31811.0,Decorative Bookends
554,2020-09-03,31811.0,Decorative Bookends
555,2020-09-04,31811.0,Decorative Bookends
556,2020-09-05,31811.0,Decorative Bookends
557,2020-09-06,31811.0,Decorative Bookends
558,2020-09-07,30979.0,Decorative Bookends
559,2020-09-08,32853.0,Decorative Bookends
560,2020-09-09,32853.0,Decorative Bookends
561,2020-09-10,47500.0,Decorative Bookends
562,2020-09-11,47500.0,Decorative Bookends
563,2020-09-12,26314.0,Decorative Bookends
564,2020-09-13,26314.0,Decorative Bookends
565,2020-09-14,26314.0,Decorative Bookends
566,2020-09-15,26314.0,Decorative Bookends
567,2020-09-16,26314.0,Decorative Bookends
568,2020-09-17,26731.0,Decorative Bookends
569,2020-09-18,26731.0,Decorative Bookends
570,2020-09-19,26731.0,Decorative Bookends
571,2020-09-20,26731.0,Decorative Bookends
572,2020-09-21,26731.0,Decorative Bookends
573,2020-09-22,26930.0,Decorative Bookends
574,2020-09-23,26930.0,Decorative Bookends
575,2020-09-24,27868.0,Decorative Bookends
576,2020-09-25,27868.0,Decorative Bookends
577,2020-09-26,27868.0,Decorative Bookends
578,2020-09-27,27868.0,Decorative Bookends
579,2020-09-28,30694.0,Decorative Bookends
580,2020-09-29,30694.0,Decorative Bookends
581,2020-09-30,37367.0,Decorative Bookends
582,2020-10-01,37367.0,Decorative Bookends
583,2020-10-02,37367.0,Decorative Bookends
584,2020-10-03,37367.0,Decorative Bookends
585,2020-10-04,37367.0,Decorative Bookends
586,2020-10-05,36120.0,Decorative Bookends
587,2020-10-06,36120.0,Decorative Bookends
588,2020-10-07,41966.0,Decorative Bookends
589,2020-10-08,41966.0,Decorative Bookends
590,2020-10-09,32747.0,Decorative Bookends
591,2020-10-10,32747.0,Decorative Bookends
592,2020-10-11,32747.0,Decorative Bookends
593,2020-10-12,32747.0,Decorative Bookends
594,2020-10-13,32747.0,Decorative Bookends
595,2020-10-14,36253.0,Decorative Bookends
596,2020-10-15,33297.0,Decorative Bookends
597,2020-10-16,33297.0,Decorative Bookends
598,2020-10-17,33297.0,Decorative Bookends
599,2020-10-18,33297.0,Decorative Bookends
600,2020-10-19,28490.0,Decorative Bookends
601,2020-10-20,28490.0,Decorative Bookends
602,2020-10-21,26014.0,Decorative Bookends
603,2020-10-22,29324.0,Decorative Bookends
604,2020-10-23,29324.0,Decorative Bookends
605,2020-10-24,29324.0,Decorative Bookends
606,2020-10-25,29324.0,Decorative Bookends
607,2020-10-26,29324.0,Decorative Bookends
608,2020-10-27,29324.0,Decorative Bookends
609,2020-10-28,20859.0,Decorative Bookends
610,2020-10-29,20859.0,Decorative Bookends
611,2020-10-30,20859.0,Decorative Bookends
612,2020-10-31,20859.0,Decorative Bookends
613,2020-11-01,20859.0,Decorative Bookends
614,2020-11-02,26418.0,Decorative Bookends
615,2020-11-03,26418.0,Decorative Bookends
616,2020-11-04,27696.0,Decorative Bookends
617,2020-11-05,24910.0,Decorative Bookends
618,2020-11-06,24910.0,Decorative Bookends
619,2020-11-07,24910.0,Decorative Bookends
620,2020-11-08,24910.0,Decorative Bookends
621,2020-11-09,33720.0,Decorative Bookends
622,2020-11-10,33720.0,Decorative Bookends
623,2020-11-11,25604.0,Decorative Bookends
624,2020-11-12,26160.0,Decorative Bookends
625,2020-11-13,26160.0,Decorative Bookends
626,2020-11-14,19028.0,Decorative Bookends
627,2020-11-15,22173.0,Decorative Bookends
628,2020-11-16,22173.0,Decorative Bookends
629,2020-11-17,22173.0,Decorative Bookends
630,2020-11-18,22173.0,Decorative Bookends
631,2020-11-19,22173.0,Decorative Bookends
632,2020-11-20,20955.0,Decorative Bookends
633,2020-11-21,20955.0,Decorative Bookends
634,2020-11-22,20955.0,Decorative Bookends
635,2020-11-23,20955.0,Decorative Bookends
636,2020-11-24,20955.0,Decorative Bookends
637,2020-11-25,20955.0,Decorative Bookends
638,2020-11-26,20855.0,Decorative Bookends
639,2020-11-27,25274.0,Decorative Bookends
640,2020-11-28,25274.0,Decorative Bookends
641,2020-11-29,25274.0,Decorative Bookends
642,2020-11-30,25274.0,Decorative Bookends
643,2020-12-01,21510.0,Decorative Bookends
644,2020-12-02,21510.0,Decorative Bookends
645,2020-12-03,21510.0,Decorative Bookends
646,2020-12-04,19180.0,Decorative Bookends
647,2020-12-05,19180.0,Decorative Bookends
648,2020-12-06,19180.0,Decorative Bookends
649,2020-12-07,49398.0,Decorative Bookends
650,2020-12-08,49398.0,Decorative Bookends
651,2020-12-09,49398.0,Decorative Bookends
652,2020-12-10,49398.0,Decorative Bookends
653,2020-12-11,49398.0,Decorative Bookends
654,2020-12-12,49398.0,Decorative Bookends
655,2020-12-13,49398.0,Decorative Bookends
656,2020-12-14,35527.0,Decorative Bookends
657,2020-12-15,35527.0,Decorative Bookends
658,2020-12-16,35527.0,Decorative Bookends
659,2020-12-17,29355.0,Decorative Bookends
660,2020-12-18,29355.0,Decorative Bookends
661,2020-12-19,29355.0,Decorative Bookends
662,2020-12-20,29355.0,Decorative Bookends
663,2020-12-21,31484.0,Decorative Bookends
664,2020-12-22,31484.0,Decorative Bookends
665,2020-12-23,31484.0,Decorative Bookends
666,2020-12-24,33760.0,Decorative Bookends
667,2020-12-25,33760.0,Decorative Bookends
668,2020-12-26,30567.0,Decorative Bookends
669,2020-12-27,30567.0,Decorative Bookends
670,2020-12-28,30567.0,Decorative Bookends
671,2020-12-29,30567.0,Decorative Bookends
672,2020-12-30,30567.0,Decorative Bookends
673,2020-12-31,30567.0,Decorative Bookends
674,2021-01-01,24260.0,Decorative Bookends
675,2021-01-02,24260.0,Decorative Bookends
676,2021-01-03,20721.0,Decorative Bookends
677,2021-01-04,20721.0,Decorative Bookends
678,2021-01-05,20721.0,Decorative Bookends
679,2021-01-06,21209.0,Decorative Bookends
680,2021-01-07,21209.0,Decorative Bookends
681,2021-01-08,21209.0,Decorative Bookends
682,2021-01-09,15562.0,Decorative Bookends
683,2021-01-10,15562.0,Decorative Bookends
684,2021-01-11,11840.0,Decorative Bookends
685,2021-01-12,14692.0,Decorative Bookends
686,2021-01-13,14692.0,Decorative Bookends
687,2021-01-14,16968.0,Decorative Bookends
688,2021-01-15,16968.0,Decorative Bookends
689,2021-01-16,18995.0,Decorative Bookends
690,2021-01-17,17252.0,Decorative Bookends
691,2021-01-18,16214.0,Decorative Bookends
692,2021-01-19,16214.0,Decorative Bookends
693,2021-01-20,16214.0,Decorative Bookends
694,2021-01-21,16214.0,Decorative Bookends
695,2021-01-22,16214.0,Decorative Bookends
696,2021-01-23,19494.0,Decorative Bookends
697,2021-01-24,19494.0,Decorative Bookends
698,2021-01-25,19494.0,Decorative Bookends
699,2021-01-26,29780.0,Decorative Bookends
700,2021-01-27,29780.0,Decorative Bookends
701,2021-01-28,29780.0,Decorative Bookends
702,2021-01-29,41588.0,Decorative Bookends
703,2021-01-30,41588.0,Decorative Bookends
704,2021-01-31,41588.0,Decorative Bookends
705,2021-02-01,17073.0,Decorative Bookends
706,2021-02-02,17073.0,Decorative Bookends
707,2021-02-03,19864.0,Decorative Bookends
708,2021-02-04,19864.0,Decorative Bookends
709,2021-02-05,19864.0,Decorative Bookends
710,2021-02-06,19864.0,Decorative Bookends
711,2021-02-07,19864.0,Decorative Bookends
712,2021-02-08,18642.0,Decorative Bookends
713,2021-02-09,18642.0,Decorative Bookends
714,2021-02-10,18642.0,Decorative Bookends
715,2021-02-11,18642.0,Decorative Bookends
716,2021-02-12,18642.0,Decorative Bookends
717,2021-02-13,18642.0,Decorative Bookends
718,2021-02-14,18642.0,Decorative Bookends
719,2021-02-15,18642.0,Decorative Bookends
720,2021-02-16,18642.0,Decorative Bookends
721,2021-02-17,18642.0,Decorative Bookends
722,2021-02-18,13213.0,Decorative Bookends
723,2021-02-19,14570.0,Decorative Bookends
724,2021-02-20,14570.0,Decorative Bookends
725,2021-02-21,14570.0,Decorative Bookends
726,2021-02-22,14570.0,Decorative Bookends
727,2021-02-23,14570.0,Decorative Bookends
728,2021-02-24,17797.0,Decorative Bookends
729,2021-02-25,17797.0,Decorative Bookends
730,2021-02-26,22354.0,Decorative Bookends
731,2021-02-27,22354.0,Decorative Bookends
732,2021-02-28,15281.0,Decorative Bookends
733,2021-03-01,17925.0,Decorative Bookends
734,2021-03-02,17925.0,Decorative Bookends
735,2021-03-03,17925.0,Decorative Bookends
736,2021-03-04,17925.0,Decorative Bookends
737,2021-03-05,16599.0,Decorative Bookends
738,2021-03-06,16599.0,Decorative Bookends
739,2021-03-07,16270.0,Decorative Bookends
740,2021-03-08,16270.0,Decorative Bookends
741,2021-03-09,20817.0,Decorative Bookends
742,2021-03-10,19610.0,Decorative Bookends
743,2021-03-11,16458.0,Decorative Bookends
744,2021-03-12,13535.0,Decorative Bookends
745,2021-03-13,14968.0,Decorative Bookends
746,2021-03-14,14968.0,Decorative Bookends
747,2021-03-15,14968.0,Decorative Bookends
748,2021-03-16,21491.0,Decorative Bookends
749,2021-03-17,21491.0,Decorative Bookends
750,2021-03-18,21491.0,Decorative Bookends
751,2021-03-19,15620.0,Decorative Bookends
752,2021-03-20,15620.0,Decorative Bookends
753,2021-03-21,17712.0,Decorative Bookends
754,2021-03-22,17712.0,Decorative Bookends
755,2021-03-23,17712.0,Decorative Bookends
756,2021-03-24,17712.0,Decorative Bookends
757,2021-03-25,19793.0,Decorative Bookends
758,2021-03-26,19793.0,Decorative Bookends
759,2021-03-27,19793.0,Decorative Bookends
760,2021-03-28,19793.0,Decorative Bookends
761,2021-03-29,24245.0,Decorative Bookends
762,2021-03-30,24245.0,Decorative Bookends
763,2021-03-31,24245.0,Decorative Bookends
764,2021-04-01,42396.0,Decorative Bookends
765,2021-04-02,42396.0,Decorative Bookends
766,2021-04-03,21643.0,Decorative Bookends
767,2021-04-04,21643.0,Decorative Bookends
768,2021-04-05,37477.0,Decorative Bookends
769,2021-04-06,37477.0,Decorative Bookends
770,2021-04-07,29762.0,Decorative Bookends
771,2021-04-08,27279.0,Decorative Bookends
772,2021-04-09,27279.0,Decorative Bookends
773,2021-04-10,23393.0,Decorative Bookends
774,2021-04-11,23535.0,Decorative Bookends
775,2021-04-12,23535.0,Decorative Bookends
776,2021-04-13,23535.0,Decorative Bookends
777,2021-04-14,23535.0,Decorative Bookends
778,2021-04-15,27474.0,Decorative Bookends
779,2021-04-16,27474.0,Decorative Bookends
780,2021-04-17,25923.0,Decorative Bookends
781,2021-04-18,25923.0,Decorative Bookends
782,2021-04-19,31602.0,Decorative Bookends
783,2021-04-20,31602.0,Decorative Bookends
784,2021-04-21,26643.0,Decorative Bookends
785,2021-04-22,26643.0,Decorative Bookends
786,2021-04-23,25338.0,Decorative Bookends
787,2021-04-24,25338.0,Decorative Bookends
788,2021-04-25,25338.0,Decorative Bookends
789,2021-04-26,25338.0,Decorative Bookends
790,2021-04-27,25338.0,Decorative Bookends
791,2021-04-28,25338.0,Decorative Bookends
792,2021-04-29,31048.0,Decorative Bookends
793,2021-04-30,31048.0,Decorative Bookends
794,2021-05-01,31048.0,Decorative Bookends
795,2021-05-02,31048.0,Decorative Bookends
796,2021-05-03,26088.0,Decorative Bookends
797,2021-05-04,26088.0,Decorative Bookends
798,2021-05-05,19762.0,Decorative Bookends
799,2021-05-06,21532.0,Decorative Bookends
800,2021-05-07,21532.0,Decorative Bookends
801,2021-05-08,22429.0,Decorative Bookends
802,2021-05-09,22429.0,Decorative Bookends
803,2021-05-10,28395.0,Decorative Bookends
804,2021-05-11,25954.0,Decorative Bookends
805,2021-05-12,25954.0,Decorative Bookends
806,2021-05-13,25954.0,Decorative Bookends
807,2021-05-14,29588.0,Decorative Bookends
808,2021-05-15,24987.0,Decorative Bookends
809,2021-05-16,24987.0,Decorative Bookends
810,2021-05-17,24359.0,Decorative Bookends
811,2021-05-18,24359.0,Decorative Bookends
812,2021-05-19,24359.0,Decorative Bookends
813,2021-05-20,28385.0,Decorative Bookends
814,2021-05-21,28385.0,Decorative Bookends
815,2021-05-22,28385.0,Decorative Bookends
816,2021-05-23,28385.0,Decorative Bookends
817,2021-05-24,19016.0,Decorative Bookends
818,2021-05-25,23060.0,Decorative Bookends
819,2021-05-26,22163.0,Decorative Bookends
820,2021-05-27,22616.0,Decorative Bookends
821,2021-05-28,20631.0,Decorative Bookends
822,2021-05-29,20631.0,Decorative Bookends
823,2021-05-30,20631.0,Decorative Bookends
824,2021-05-31,30691.0,Decorative Bookends
825,2021-06-01,18965.0,Decorative Bookends
826,2021-06-02,18965.0,Decorative Bookends
827,2021-06-03,16728.0,Decorative Bookends
828,2021-06-04,16728.0,Decorative Bookends
829,2021-06-05,20689.0,Decorative Bookends
830,2021-06-06,20689.0,Decorative Bookends
831,2021-06-07,31670.0,Decorative Bookends
832,2021-06-08,28844.0,Decorative Bookends
833,2021-06-09,28844.0,Decorative Bookends
834,2021-06-10,28844.0,Decorative Bookends
835,2021-06-11,28844.0,Decorative Bookends
836,2021-06-12,28844.0,Decorative Bookends
837,2021-06-13,28844.0,Decorative Bookends
838,2021-06-14,28844.0,Decorative Bookends
839,2021-06-15,38219.0,Decorative Bookends
840,2021-06-16,38219.0,Decorative Bookends
841,2021-06-17,42844.0,Decorative Bookends
842,2021-06-18,42844.0,Decorative Bookends
843,2021-06-19,38199.0,Decorative Bookends
844,2021-06-20,38199.0,Decorative Bookends
845,2021-06-21,25459.0,Decorative Bookends
846,2021-06-22,25459.0,Decorative Bookends
847,2021-06-23,25459.0,Decorative Bookends
848,2021-06-24,28317.0,Decorative Bookends
849,2021-06-25,28317.0,Decorative Bookends
850,2021-06-26,28317.0,Decorative Bookends
851,2021-06-27,28317.0,Decorative Bookends
852,2021-06-28,34107.0,Decorative Bookends
853,2021-06-29,30095.0,Decorative Bookends
854,2021-06-30,30095.0,Decorative Bookends
855,2021-07-01,30095.0,Decorative Bookends
856,2021-07-02,33691.0,Decorative Bookends
857,2021-07-03,33691.0,Decorative Bookends
858,2021-07-04,33691.0,Decorative Bookends
859,2021-07-05,33691.0,Decorative Bookends
860,2021-07-06,33691.0,Decorative Bookends
861,2021-07-07,35940.0,Decorative Bookends
862,2021-07-08,38196.0,Decorative Bookends
863,2021-07-09,38283.0,Decorative Bookends
864,2021-07-10,39713.0,Decorative Bookends
